id,1,y,DecileRank
28058,0.96798897,1,9
29451,0.9675514,1,9
19366,0.9657859,1,9
19851,0.96175754,1,9
30260,0.95957726,0,9
28922,0.9593469,0,9
28712,0.9579594,1,9
29339,0.95691186,1,9
28304,0.9566141,1,9
19548,0.9543316,1,9
28904,0.95415705,1,9
20024,0.953174,1,9
26793,0.95307046,1,9
21293,0.9525752,1,9
30102,0.9519945,0,9
23473,0.9513504,1,9
29000,0.9500006,1,9
29021,0.9495782,1,9
28973,0.9485513,0,9
9742,0.9482554,0,9
21425,0.9463044,1,9
28693,0.94615656,0,9
19554,0.9461124,0,9
23727,0.9460714,1,9
23303,0.9460372,1,9
29329,0.9451944,1,9
28861,0.94502085,1,9
30456,0.9449645,1,9
21389,0.94420934,0,9
30275,0.9435426,0,9
19495,0.9430532,1,9
25012,0.942811,1,9
30283,0.94276446,1,9
30316,0.94064385,1,9
19441,0.9401771,1,9
21706,0.93990934,1,9
29028,0.93976283,1,9
30231,0.93901736,1,9
28093,0.9385094,0,9
24878,0.9384826,1,9
21474,0.9380514,1,9
13621,0.9371469,1,9
29075,0.9369455,1,9
19498,0.9347828,1,9
19637,0.9340986,0,9
21381,0.9320795,0,9
8007,0.93095404,1,9
21876,0.92996335,1,9
28980,0.92878294,0,9
22231,0.92868096,1,9
30426,0.9278408,0,9
21355,0.9277886,1,9
27853,0.92771244,1,9
26730,0.9266072,1,9
28969,0.9265009,1,9
27970,0.92641264,0,9
22525,0.9260582,1,9
7845,0.925945,0,9
20839,0.9245522,0,9
29251,0.9243427,0,9
23720,0.92340195,1,9
28954,0.9225512,1,9
16267,0.9222512,1,9
19399,0.92153645,1,9
27590,0.9213249,0,9
9741,0.92101353,0,9
26638,0.9207976,1,9
28893,0.9205165,0,9
21561,0.91989106,1,9
12620,0.9187878,1,9
28616,0.9182191,0,9
9503,0.91810775,1,9
20286,0.91798717,1,9
10360,0.91767323,0,9
28443,0.91716635,1,9
27861,0.91619307,1,9
24504,0.91588897,1,9
27090,0.9158271,1,9
30323,0.9146439,1,9
27704,0.9142659,1,9
28273,0.9142659,1,9
28582,0.9135655,1,9
19020,0.9128655,1,9
25127,0.9128056,1,9
30083,0.9127728,1,9
14926,0.9126775,0,9
8547,0.9125973,0,9
10290,0.9124207,0,9
28247,0.91234964,1,9
26333,0.91227764,1,9
5229,0.91227484,1,9
27943,0.9119728,1,9
27736,0.9118857,0,9
28949,0.91175884,1,9
10915,0.9109131,1,9
28285,0.90984195,1,9
19474,0.9097682,1,9
6971,0.90912706,0,9
25269,0.9087971,1,9
28054,0.90800345,1,9
29252,0.9074427,1,9
30375,0.9067791,0,9
21939,0.9065924,1,9
23640,0.9063527,1,9
19616,0.9057684,1,9
28160,0.90569687,0,9
9967,0.9055837,1,9
28965,0.9051208,1,9
8691,0.9043675,1,9
8054,0.9037621,0,9
28255,0.9036917,1,9
30473,0.9034608,1,9
28828,0.9026315,1,9
8949,0.9024221,1,9
30233,0.9021041,0,9
30284,0.90152085,1,9
14519,0.9015003,1,9
23898,0.9010246,0,9
30031,0.9004923,1,9
25227,0.90046436,1,9
26543,0.8993048,1,9
10444,0.89852244,1,9
14841,0.8983242,1,9
29231,0.8978819,1,9
13975,0.897195,0,9
28130,0.8971327,1,9
28219,0.8970952,0,9
16233,0.89631975,1,9
19527,0.89620686,1,9
19534,0.8961385,0,9
10418,0.8957099,1,9
28736,0.8951502,1,9
12243,0.8950476,1,9
9955,0.8941947,0,9
30359,0.89391047,0,9
26249,0.8937548,0,9
13671,0.89314413,1,9
30198,0.89301485,1,9
21346,0.8927681,1,9
28246,0.8921612,0,9
23341,0.8919768,1,9
26505,0.8919577,1,9
1056,0.89192915,0,9
22704,0.8918033,1,9
30136,0.8913838,1,9
11408,0.8909457,1,9
27914,0.8905708,0,9
1633,0.8904805,0,9
13805,0.8895521,1,9
27610,0.8879597,1,9
10587,0.8875196,1,9
16247,0.8871605,1,9
11821,0.88709074,0,9
27426,0.8858078,1,9
10923,0.8848466,0,9
27908,0.88472354,0,9
6461,0.88449144,0,9
8393,0.88420606,0,9
10696,0.8836137,0,9
19890,0.8829847,0,9
28076,0.8828509,1,9
21204,0.88258094,1,9
11173,0.88248855,0,9
19753,0.88204557,1,9
11930,0.8817314,1,9
21366,0.8812118,1,9
11155,0.88094395,1,9
27831,0.8807933,1,9
30505,0.88040096,1,9
27077,0.8802154,1,9
30021,0.8789101,1,9
28705,0.8784294,0,9
27893,0.87833345,1,9
20907,0.8783066,0,9
9957,0.8771551,0,9
29084,0.8759748,1,9
29127,0.8747919,0,9
6279,0.87462384,1,9
29762,0.8743654,1,9
29716,0.8735779,1,9
10926,0.87339574,1,9
18988,0.87288064,1,9
21181,0.8727731,1,9
27965,0.8727384,0,9
29611,0.8724944,0,9
30294,0.87226415,0,9
30451,0.8722516,1,9
29848,0.8719704,0,9
28774,0.87194973,1,9
20690,0.87112796,0,9
26257,0.8708494,1,9
26342,0.8687074,0,9
10152,0.8686556,0,9
19988,0.8686144,0,9
13529,0.8685947,1,9
7986,0.867306,1,9
27722,0.8670977,0,9
26599,0.86698,1,9
11166,0.86687434,0,9
12166,0.8661185,1,9
13429,0.8659078,1,9
24930,0.8651788,0,9
9582,0.8650155,0,9
29492,0.864972,0,9
18481,0.8629717,1,9
29091,0.8624033,1,9
30247,0.8618862,0,9
29538,0.8613912,1,9
30174,0.8613312,1,9
9079,0.8603298,0,9
30351,0.86008567,0,9
29502,0.85912824,1,9
28150,0.8590815,0,9
30401,0.8586519,1,9
27833,0.85831696,1,9
15714,0.8578636,1,9
17528,0.8578223,0,9
2603,0.8577129,1,9
14436,0.8563355,0,9
28906,0.8559738,1,9
16766,0.85556895,1,9
7324,0.8553883,0,9
13878,0.8550718,0,9
14715,0.8548658,0,9
30127,0.8548297,1,9
13491,0.8542682,1,9
22786,0.8539963,1,9
27707,0.8537436,1,9
5515,0.8533264,1,9
19570,0.8530068,1,9
9840,0.8525434,0,9
8999,0.85233164,0,9
20143,0.85225165,0,9
28809,0.85133845,1,9
28977,0.85050964,0,9
28196,0.85047954,1,9
28280,0.84906244,1,9
19933,0.84736484,1,9
18128,0.8463861,0,9
11378,0.8461085,1,9
27886,0.84562963,0,9
21558,0.8455543,1,9
21515,0.8449343,0,9
27990,0.84460366,0,9
27216,0.8444253,0,9
15696,0.84166896,1,9
9737,0.8414576,1,9
11358,0.84023595,0,9
19531,0.8392853,0,9
21329,0.8385833,1,9
30571,0.8376127,1,9
30133,0.83631223,1,9
27995,0.83480865,1,9
9311,0.83457965,1,9
10636,0.8325355,0,9
28841,0.8306735,0,9
20636,0.8303332,0,9
20274,0.8297307,0,9
1711,0.82934815,1,9
30091,0.8290472,0,9
11328,0.8287239,0,9
20271,0.8277561,0,9
19937,0.82755435,1,9
29427,0.8271424,1,9
14054,0.82709885,1,9
29959,0.82624227,1,9
21477,0.8255077,0,9
19373,0.82510954,1,9
28701,0.8248836,0,9
27434,0.82413113,1,9
4786,0.8237987,0,9
27948,0.82331836,1,9
29018,0.82289666,1,9
19071,0.8226775,0,9
28299,0.8203965,0,9
21028,0.8203571,0,9
325,0.81976324,1,9
18928,0.81966484,1,9
28848,0.81952965,1,9
27772,0.8187268,1,9
18526,0.8181636,1,9
20328,0.8154799,0,9
21388,0.81541103,0,9
19783,0.8141029,1,9
14931,0.8124862,0,9
26495,0.8116004,1,9
9385,0.81136405,1,9
19446,0.8112442,1,9
12520,0.8109885,0,9
7900,0.8096959,0,9
2408,0.80957544,1,9
19584,0.80952024,0,9
26534,0.808934,1,9
27871,0.808639,1,9
26527,0.8084853,1,9
19987,0.80751055,0,9
21405,0.8074131,0,9
29399,0.8074011,1,9
18766,0.80621105,0,9
19430,0.80581653,0,9
8598,0.8052549,0,9
28358,0.80429417,1,9
21496,0.8040961,0,9
20302,0.803891,0,9
28894,0.8014044,0,9
21663,0.80028415,0,9
28900,0.79977834,0,8
29459,0.79791194,1,8
21569,0.79758674,0,8
9061,0.7975132,0,8
26300,0.79733336,1,8
30414,0.79664224,1,8
6525,0.7966223,0,8
28214,0.7960234,1,8
4803,0.7956121,0,8
21205,0.7933276,1,8
19208,0.79214007,0,8
19319,0.79168016,0,8
20094,0.7886181,0,8
28655,0.7883178,0,8
2536,0.7871261,1,8
21313,0.7867994,1,8
6494,0.78678477,1,8
26780,0.78670126,0,8
28628,0.7863906,1,8
29508,0.78401065,0,8
16220,0.7821442,1,8
30186,0.78181785,1,8
7158,0.7810721,0,8
5611,0.77817035,0,8
24567,0.77804476,1,8
20689,0.7779593,0,8
28830,0.77672726,0,8
22139,0.7758945,0,8
29001,0.7755623,1,8
22412,0.7745748,0,8
29949,0.77379596,1,8
23205,0.77366805,0,8
21432,0.7736163,1,8
12280,0.772667,0,8
30356,0.77247876,1,8
30461,0.7712919,0,8
26455,0.77115583,1,8
16352,0.77059656,0,8
21369,0.770151,1,8
25851,0.7698882,1,8
21402,0.769646,1,8
21521,0.76955783,1,8
15109,0.7685692,0,8
23532,0.76819146,0,8
26326,0.7680541,1,8
19422,0.767353,0,8
29384,0.76727146,1,8
19969,0.7669523,1,8
30042,0.76668936,0,8
13225,0.76604456,0,8
4777,0.7660231,1,8
30362,0.76539797,0,8
19896,0.7653534,0,8
28921,0.76480246,1,8
1645,0.7636333,1,8
21358,0.7631065,1,8
30494,0.76302326,1,8
24847,0.76259464,1,8
20211,0.7624212,0,8
26917,0.76109934,0,8
19825,0.7579666,0,8
25854,0.75749016,1,8
26918,0.75712276,0,8
20105,0.75654465,1,8
7493,0.7529571,0,8
20129,0.75217,1,8
15752,0.75164723,0,8
20607,0.7515016,0,8
12092,0.7508138,0,8
27683,0.7507682,0,8
13790,0.75018716,1,8
29244,0.75017107,1,8
29645,0.74845904,0,8
26963,0.74791086,1,8
19523,0.74760485,1,8
13734,0.74619675,0,8
20627,0.74583185,0,8
20278,0.74543816,0,8
19263,0.744714,1,8
23323,0.74420035,0,8
28637,0.74349505,1,8
14726,0.74179,0,8
30106,0.7413547,0,8
4628,0.7410794,1,8
28078,0.7409317,1,8
19452,0.7409023,0,8
6075,0.7362502,0,8
4828,0.7351015,1,8
30406,0.7341075,0,8
27626,0.7339095,0,8
16264,0.7328121,1,8
27636,0.72772807,1,8
3010,0.7276159,0,8
21450,0.7247881,1,8
27742,0.7237506,1,8
29009,0.7211916,1,8
27125,0.7210388,0,8
16269,0.72101545,1,8
24183,0.720835,0,8
28741,0.7200918,1,8
6421,0.71979356,0,8
25900,0.71798843,0,8
22816,0.71745145,0,8
28236,0.7174067,0,8
18124,0.71653605,0,8
25437,0.71649474,0,8
27281,0.71570474,1,8
21383,0.7152024,0,8
27104,0.7149664,0,8
8613,0.71397686,0,8
28020,0.71178806,0,8
30207,0.7106184,0,8
19787,0.71041155,0,8
28440,0.71040386,1,8
29545,0.7103608,0,8
823,0.7102806,1,8
13044,0.70905304,0,8
26245,0.7078399,0,8
18895,0.70382243,0,8
29475,0.7037534,0,8
24235,0.7035723,0,8
20373,0.70003736,0,8
29226,0.6999228,1,8
10023,0.697964,1,8
20227,0.6973695,0,8
13827,0.6965672,0,8
2210,0.6963064,1,8
26611,0.69523484,1,8
27778,0.69469875,1,8
27460,0.6946573,1,8
14722,0.6936282,0,8
12794,0.6923245,0,8
15144,0.6920451,0,8
22587,0.6919111,0,8
11991,0.6912397,0,8
20720,0.69081753,0,8
27692,0.6907509,1,8
17116,0.6900973,0,8
26271,0.6898943,1,8
11735,0.6894534,0,8
29356,0.68766195,1,8
20254,0.687659,1,8
14976,0.6869026,0,8
21210,0.6866705,1,8
12969,0.6848082,1,8
2084,0.6822578,1,8
27932,0.68089837,0,8
24358,0.6806691,0,8
4637,0.6802509,0,8
13230,0.6799738,0,8
28614,0.67990774,1,8
27388,0.6792966,1,8
1925,0.6792634,0,8
28278,0.67890215,1,8
25113,0.67843103,0,8
8634,0.6782639,0,8
21170,0.67826355,1,8
28569,0.67809194,1,8
28856,0.67763215,1,8
5588,0.67758995,0,8
18265,0.6763316,0,8
23456,0.67582154,0,8
23255,0.67509115,0,8
30556,0.67378336,0,8
20337,0.6714256,0,8
27129,0.671294,1,8
11149,0.67047733,0,8
21718,0.67028373,1,8
18219,0.6697241,0,8
29898,0.6688247,1,8
17574,0.6683515,0,8
21713,0.6679819,1,8
13959,0.66790396,1,8
25869,0.6675856,1,8
13306,0.6667485,1,8
26161,0.6657026,1,8
14781,0.6650002,0,8
27717,0.6641618,0,8
25636,0.6633812,1,8
19195,0.6628062,0,8
30482,0.6620266,0,8
27362,0.6619658,0,8
90,0.66167027,0,8
29288,0.66036046,1,8
19590,0.65968955,0,8
28262,0.6596673,1,8
29139,0.6592649,0,8
24661,0.65813303,0,8
29552,0.65685254,1,8
14725,0.6557853,0,8
13924,0.65500724,0,8
26587,0.65480804,0,8
25918,0.65431046,1,8
15038,0.6525872,0,8
26654,0.6523138,0,8
9759,0.6518403,0,8
12264,0.6508347,0,8
6194,0.65054995,0,8
13925,0.6503921,0,8
19814,0.6503555,0,8
23975,0.6503074,0,8
16193,0.65029633,0,8
29270,0.6502333,1,8
2395,0.64883643,0,8
13078,0.6483871,0,8
21013,0.64711094,0,8
2012,0.64643353,1,8
13005,0.64604425,0,8
17797,0.6456046,0,8
28035,0.6449058,0,8
13139,0.6446088,0,8
21858,0.6437701,0,8
26373,0.6434948,0,8
21114,0.643347,0,8
13699,0.64234835,0,8
27654,0.6414285,0,8
22982,0.64132285,0,8
13512,0.640381,0,8
25649,0.6402512,0,8
11051,0.6398048,0,8
10133,0.636288,0,8
22169,0.6356923,1,8
18164,0.6356823,0,8
29673,0.63562495,1,8
24644,0.6353953,1,8
20800,0.63527596,0,8
11795,0.63505065,0,8
19719,0.6340311,0,8
21412,0.633679,0,8
27887,0.633236,0,8
14550,0.6327711,0,8
10601,0.6326349,0,8
29886,0.63076293,0,8
28576,0.62899244,1,8
24708,0.6280931,0,8
11168,0.6278931,0,8
15153,0.6277167,0,8
30027,0.62771094,1,8
15169,0.62766224,0,8
11294,0.6260911,0,8
28199,0.6250996,0,8
22303,0.6250347,0,8
1851,0.6245517,0,8
13616,0.62395835,0,8
29546,0.623066,1,8
12564,0.62293917,0,8
28298,0.6215316,0,8
27521,0.6211015,0,8
30545,0.6206425,1,8
17271,0.6196034,0,8
12975,0.618965,0,8
19902,0.6185063,0,8
21908,0.61846536,0,8
22804,0.6183901,0,8
5333,0.61831594,1,8
29022,0.6181707,0,8
26772,0.6180666,0,8
29800,0.6180419,0,8
27201,0.61796284,1,8
26450,0.6177137,0,8
20458,0.61728865,0,8
27488,0.61694175,1,8
21952,0.61614,1,8
11854,0.6161184,0,8
8692,0.61603177,0,8
21948,0.6154031,0,8
18399,0.61402416,0,8
11893,0.61398685,1,8
7653,0.6128702,0,8
14589,0.6125453,0,8
8519,0.61233604,0,8
10132,0.611551,0,8
29113,0.61132365,1,8
18726,0.60959363,1,8
17244,0.60829306,0,8
16937,0.6082203,0,8
27531,0.6081812,1,8
21367,0.6076651,0,8
13300,0.6074514,0,8
8198,0.6068706,0,8
8870,0.6056246,1,8
23363,0.60487854,0,8
17932,0.6048032,0,8
28662,0.6041003,1,8
13669,0.6037017,1,8
29884,0.60353374,0,8
11184,0.6026276,0,8
9941,0.6024935,0,8
11200,0.60222673,0,8
30381,0.6015042,0,8
27307,0.6013148,0,8
7126,0.6005716,0,8
12627,0.60026824,0,8
13153,0.5990161,0,8
13803,0.59878254,0,8
26875,0.5975958,1,8
19661,0.59728867,0,8
16619,0.5966351,0,8
14424,0.59618604,0,8
29638,0.5957401,1,8
21414,0.5957125,0,8
26491,0.5956547,0,8
9464,0.59528685,0,8
27487,0.5948128,0,8
29791,0.59425277,1,8
10662,0.5940302,0,8
12476,0.5939592,0,7
29735,0.59342015,1,7
28072,0.5928429,0,7
10608,0.59270805,0,7
29585,0.592073,1,7
15530,0.5914303,0,7
14340,0.5913663,0,7
137,0.59015256,0,7
18798,0.58964497,0,7
17020,0.5890808,0,7
8277,0.58898294,0,7
29777,0.58890194,1,7
27395,0.5874805,0,7
25620,0.58747107,0,7
2145,0.5869121,0,7
28581,0.58634824,1,7
22227,0.58561623,1,7
21435,0.58435374,0,7
10794,0.58398676,0,7
14889,0.5834015,0,7
13967,0.5831085,0,7
23596,0.58188826,0,7
15043,0.58065766,0,7
14567,0.5806048,0,7
27267,0.57994694,1,7
3163,0.5789075,0,7
25367,0.5787768,0,7
22999,0.5786171,0,7
25539,0.5785431,0,7
30536,0.57831097,1,7
28990,0.57807046,1,7
10951,0.57795495,0,7
21421,0.57788795,0,7
13009,0.5768562,0,7
14219,0.5752932,0,7
28117,0.57525945,0,7
11514,0.57514316,0,7
10657,0.57492405,0,7
27451,0.5741316,0,7
16762,0.5734187,0,7
22046,0.5729489,0,7
29048,0.57267934,0,7
22757,0.57182837,0,7
15724,0.5715397,0,7
20726,0.57081985,0,7
24865,0.57044834,0,7
17472,0.5700711,0,7
13460,0.56919897,0,7
18194,0.56910414,1,7
24776,0.5683274,1,7
29754,0.5682995,1,7
14114,0.5680959,0,7
14580,0.56780124,0,7
23698,0.5675705,1,7
18865,0.5675513,1,7
16892,0.56721944,0,7
22611,0.56569886,0,7
8805,0.56517816,0,7
11898,0.5649159,0,7
7780,0.56485754,0,7
20588,0.56468743,0,7
26835,0.56448305,0,7
24264,0.5641146,0,7
23281,0.5636436,0,7
22540,0.563356,0,7
26015,0.563091,0,7
29446,0.5630604,0,7
9620,0.5626245,0,7
21771,0.5625904,1,7
21563,0.5622474,0,7
10952,0.5606623,0,7
17864,0.5595256,0,7
21438,0.55927414,1,7
16303,0.55852634,0,7
18511,0.55661774,0,7
23421,0.5554704,0,7
18329,0.5554027,0,7
21940,0.55438095,0,7
28689,0.55431086,0,7
13633,0.5541213,1,7
21257,0.5536687,1,7
10509,0.5520782,0,7
24836,0.5520014,0,7
24985,0.551557,0,7
7358,0.55038655,1,7
15693,0.55028474,0,7
27361,0.54972494,1,7
14105,0.54803514,0,7
25746,0.5477783,0,7
26718,0.5475945,1,7
17479,0.5473478,0,7
9404,0.54732525,0,7
25976,0.5467424,1,7
19794,0.5462781,0,7
27459,0.54522896,0,7
13237,0.544324,0,7
27843,0.543173,0,7
25972,0.54306406,1,7
9445,0.54305387,0,7
28193,0.5430165,0,7
8370,0.5425275,0,7
25674,0.5424107,0,7
22049,0.54111433,0,7
24642,0.5410848,0,7
10058,0.5406327,0,7
17417,0.54051185,0,7
23432,0.538445,0,7
21371,0.5383512,0,7
11959,0.5367245,0,7
11246,0.5362165,0,7
20719,0.53571737,0,7
16652,0.5355244,0,7
10136,0.5344992,1,7
11466,0.5339865,0,7
25378,0.533455,0,7
23294,0.53271824,0,7
9303,0.5319322,0,7
28577,0.5306718,1,7
24422,0.53061754,0,7
15327,0.5305755,1,7
20784,0.530413,0,7
19330,0.52998036,0,7
22032,0.5289428,0,7
22259,0.52865523,0,7
23970,0.52791864,0,7
18170,0.5278492,0,7
17598,0.5275165,0,7
8638,0.52729166,0,7
18598,0.5270929,0,7
14440,0.52659416,0,7
9356,0.5264392,0,7
16576,0.52470237,0,7
24695,0.524163,0,7
20341,0.52293277,0,7
10436,0.5216589,0,7
11964,0.5209674,0,7
17859,0.5203617,0,7
27632,0.5199981,1,7
22330,0.5185079,0,7
11025,0.51840633,0,7
13083,0.51821184,0,7
21994,0.51787454,0,7
21870,0.51787454,0,7
13000,0.51785916,0,7
13120,0.51769006,1,7
11205,0.51765776,0,7
25397,0.5167644,0,7
16253,0.5162188,1,7
25047,0.5159208,0,7
20887,0.51561296,0,7
3386,0.51548237,1,7
18054,0.51398385,0,7
6855,0.5138102,0,7
13432,0.5130009,0,7
25861,0.51297,0,7
9444,0.5129569,0,7
25412,0.5128814,0,7
22025,0.5128149,0,7
6443,0.5114422,0,7
9193,0.50982684,0,7
14652,0.5095477,0,7
1269,0.5087636,1,7
1291,0.50856364,1,7
23035,0.507274,1,7
12533,0.5069728,0,7
24417,0.50565666,0,7
10265,0.50517887,0,7
20509,0.50511336,0,7
26731,0.5047251,0,7
26410,0.5047206,1,7
20967,0.50467956,1,7
11023,0.50465125,0,7
16466,0.5031255,0,7
20477,0.50309694,0,7
26650,0.50265473,1,7
14689,0.5023069,0,7
19259,0.5019364,0,7
22091,0.5008754,0,7
26089,0.5004217,0,7
18260,0.49982047,0,7
17014,0.49887696,0,7
16327,0.49670997,0,7
19720,0.4966739,0,7
26896,0.49623573,0,7
25278,0.49347365,0,7
19693,0.49328038,0,7
28081,0.49142426,0,7
22371,0.4913112,0,7
21071,0.49116668,0,7
30229,0.49059367,1,7
18826,0.4900707,1,7
22729,0.48888606,0,7
22543,0.48871902,0,7
25935,0.4877691,1,7
19178,0.48726487,0,7
16257,0.48682234,0,7
17700,0.48663452,0,7
29699,0.48609316,1,7
16160,0.485655,0,7
12436,0.48552063,0,7
25921,0.485396,0,7
19835,0.48537377,0,7
18599,0.4830932,0,7
21002,0.4830655,0,7
21351,0.48267078,0,7
8855,0.48228484,0,7
25010,0.48198545,0,7
15102,0.48180407,0,7
11257,0.4814284,0,7
21273,0.4809944,0,7
29760,0.48094675,1,7
21327,0.4796525,0,7
27947,0.47862458,0,7
15634,0.47817457,1,7
19574,0.47783616,0,7
8694,0.47730914,0,7
24363,0.47678226,0,7
24405,0.47474095,0,7
11348,0.47473106,0,7
896,0.4746273,0,7
13037,0.47460854,0,7
18321,0.47439107,0,7
10313,0.47428903,1,7
16289,0.47377613,0,7
19800,0.4734843,0,7
18893,0.47237515,0,7
12540,0.47197425,1,7
29225,0.47192731,1,7
8859,0.47132933,0,7
18644,0.47110105,0,7
17949,0.47103766,0,7
17257,0.47085306,0,7
18673,0.47056067,0,7
19712,0.47049206,0,7
20877,0.4699156,0,7
17517,0.46937537,0,7
15160,0.46879724,0,7
16826,0.46783954,0,7
14948,0.4666798,0,7
18748,0.46615836,0,7
18539,0.46615836,0,7
3616,0.46597144,0,7
20169,0.46558774,0,7
26993,0.4652887,1,7
28593,0.46506733,0,7
26568,0.46463796,0,7
13222,0.46249843,0,7
16993,0.46187657,0,7
30099,0.4611497,0,7
19241,0.46048126,0,7
18119,0.4604496,0,7
30586,0.4591527,0,7
19684,0.45881137,0,7
15171,0.45827398,0,7
22020,0.4578048,0,7
17315,0.45453456,0,7
17534,0.45431915,0,7
22018,0.45219442,0,7
16501,0.4521666,0,7
17275,0.4518817,0,7
8167,0.45187065,0,7
24318,0.4512206,1,7
27123,0.44931352,0,7
18099,0.44803223,0,7
8592,0.4479309,0,7
27029,0.44631898,0,7
23563,0.44611192,0,7
19972,0.44530076,0,7
17611,0.44350463,1,7
9349,0.44341183,0,7
28677,0.44255626,1,7
15926,0.44145188,0,7
11674,0.44096112,0,7
10195,0.44064295,0,7
28636,0.44050327,0,7
9606,0.43912435,0,7
26008,0.4380337,0,7
20381,0.43771005,0,7
10552,0.4374198,0,7
29715,0.43707395,1,7
19611,0.43510154,0,7
27858,0.43503538,0,7
20181,0.43464875,0,7
20788,0.4337906,0,7
11060,0.43295434,0,7
24526,0.43278056,0,7
15725,0.4325449,0,7
27458,0.43254468,0,7
24247,0.43080986,0,7
20615,0.42997664,0,7
18529,0.42981172,0,7
25007,0.42896673,0,7
6315,0.42831403,0,7
25376,0.42732558,0,7
10934,0.42728117,0,7
17505,0.42713916,0,7
29171,0.42709583,0,7
16244,0.42691433,0,7
23962,0.42630473,0,7
7371,0.4247098,0,7
8403,0.42381272,0,7
17469,0.4235506,0,7
29007,0.42256936,1,7
28926,0.42213053,0,7
28710,0.42175215,1,7
11434,0.4212534,0,7
20989,0.42111325,0,6
17709,0.41948465,0,6
19731,0.41934165,0,6
17225,0.41916138,0,6
23470,0.41842592,0,6
27421,0.4183887,0,6
18651,0.41821107,0,6
15227,0.4174559,0,6
16285,0.41734824,0,6
12705,0.4171277,0,6
30563,0.41705763,1,6
8275,0.41685846,0,6
17442,0.41671655,0,6
13067,0.41645148,1,6
21238,0.41572165,0,6
8320,0.41544223,0,6
13121,0.4153649,0,6
12596,0.41528633,0,6
27688,0.41480172,0,6
27705,0.41448992,0,6
21604,0.41420537,0,6
9903,0.41414818,0,6
28417,0.41358927,1,6
10099,0.4127997,0,6
21531,0.41249752,0,6
25699,0.41229644,0,6
22316,0.4120253,0,6
16581,0.41172877,0,6
22947,0.41129336,0,6
25141,0.41129336,0,6
22718,0.41067114,0,6
20134,0.4100131,0,6
17905,0.40967184,0,6
24446,0.40931416,0,6
14039,0.40898734,0,6
13404,0.40895194,0,6
17301,0.40786728,0,6
11078,0.40748617,0,6
20694,0.40717462,0,6
13160,0.40694436,0,6
5405,0.40665743,0,6
20091,0.40588763,0,6
9552,0.40570417,0,6
25246,0.40548337,1,6
21119,0.40503317,0,6
24282,0.40368822,0,6
30105,0.4035242,0,6
30566,0.4032568,1,6
5744,0.4025166,0,6
8085,0.40212658,0,6
23509,0.40006346,0,6
15194,0.3993235,0,6
10752,0.39918122,0,6
20682,0.39909324,1,6
9199,0.39909178,0,6
28297,0.39894262,0,6
14633,0.3984328,0,6
14624,0.3984328,0,6
6613,0.39835688,0,6
11714,0.39825675,0,6
22261,0.3979788,0,6
18152,0.39736134,0,6
20770,0.39543405,0,6
26965,0.3951229,0,6
6028,0.39463702,0,6
30240,0.39453012,0,6
6982,0.39450145,0,6
21577,0.39368543,0,6
2405,0.39365345,0,6
25290,0.39316684,0,6
27225,0.3928453,1,6
13639,0.3928453,0,6
12497,0.39125335,0,6
22666,0.39115477,0,6
12610,0.39088136,0,6
22627,0.3906702,0,6
28392,0.39043492,1,6
12874,0.38960442,0,6
26392,0.3890186,0,6
17781,0.3887552,0,6
20018,0.38863,0,6
28498,0.38852978,0,6
30087,0.38818422,0,6
19282,0.3880895,0,6
15784,0.38729954,0,6
26533,0.38705054,0,6
12953,0.38611576,0,6
15654,0.3857327,0,6
27577,0.38554564,1,6
14610,0.3844329,0,6
29357,0.38409826,0,6
7672,0.3834119,0,6
22234,0.38182402,0,6
22304,0.38175458,0,6
27420,0.38103852,1,6
13108,0.38045534,0,6
21974,0.3803853,0,6
9039,0.3798768,0,6
17302,0.3778118,0,6
30419,0.37744445,0,6
19915,0.377423,0,6
20880,0.37713894,1,6
6093,0.37695786,0,6
11040,0.37558785,0,6
18877,0.3755305,0,6
13661,0.37370118,0,6
9714,0.37323436,0,6
7377,0.37320426,0,6
5641,0.37300017,0,6
20470,0.3729388,0,6
26545,0.37286884,1,6
20319,0.37274075,0,6
24333,0.37139255,0,6
26994,0.37132484,0,6
26756,0.37049407,1,6
6956,0.3703125,0,6
14212,0.36997005,1,6
20022,0.36918554,0,6
8708,0.368986,0,6
26664,0.3685903,0,6
22405,0.3679314,0,6
21350,0.36652046,1,6
17047,0.3659831,0,6
13714,0.36571798,0,6
9478,0.36471534,0,6
2104,0.3645305,0,6
25525,0.364094,0,6
13311,0.3639016,0,6
14240,0.36382753,0,6
11468,0.36376807,0,6
25940,0.36348045,1,6
22398,0.3628926,0,6
6454,0.36256838,0,6
7229,0.36223125,1,6
18313,0.3621435,0,6
9015,0.3594516,0,6
13508,0.3591788,0,6
19728,0.35913715,0,6
2070,0.35889918,0,6
23625,0.35834697,0,6
15157,0.35749084,0,6
14134,0.3568602,0,6
20363,0.35684404,0,6
23269,0.35583347,0,6
12982,0.35556605,0,6
16412,0.35542974,1,6
25272,0.3539503,0,6
8947,0.3532046,0,6
20780,0.35319766,0,6
29108,0.3527958,1,6
24309,0.35268232,0,6
16593,0.35257974,0,6
6505,0.35221165,0,6
27405,0.35207334,1,6
13901,0.351919,0,6
1938,0.35164624,0,6
6887,0.3514869,0,6
30092,0.3502008,0,6
15604,0.35004383,0,6
6638,0.34925374,0,6
12687,0.34884343,0,6
14069,0.34875605,0,6
6612,0.3484062,0,6
29576,0.34816515,0,6
28181,0.34791565,0,6
19771,0.34777707,0,6
28332,0.34748155,0,6
17711,0.34713995,0,6
24445,0.34712055,0,6
23190,0.34698167,0,6
12109,0.3465506,0,6
4992,0.34598064,0,6
22935,0.34579957,0,6
13033,0.3451231,0,6
9208,0.3446432,0,6
13317,0.34451243,0,6
17998,0.34395164,0,6
13804,0.34282517,0,6
6692,0.34277597,0,6
5129,0.34207422,0,6
18445,0.3409534,0,6
15649,0.34017417,0,6
12888,0.33990136,0,6
16718,0.3394602,0,6
9480,0.33880582,0,6
16582,0.33860907,0,6
3346,0.3385324,0,6
8000,0.33843565,0,6
4871,0.33819693,0,6
7629,0.33806536,0,6
14279,0.33773473,0,6
26931,0.3376051,1,6
20618,0.3371123,0,6
19873,0.3365959,0,6
25297,0.3364131,0,6
27761,0.33625054,0,6
12846,0.33599368,0,6
20188,0.33575326,0,6
18332,0.33509648,0,6
29471,0.33503592,0,6
5961,0.33397645,0,6
11533,0.3334385,0,6
27942,0.33319697,0,6
29063,0.33197477,0,6
5737,0.3293533,0,6
9371,0.32772443,0,6
24978,0.3271976,0,6
26558,0.327006,1,6
5760,0.32606006,0,6
9679,0.3256222,0,6
22088,0.32526922,0,6
16487,0.3249027,0,6
12519,0.32482487,0,6
21546,0.32405505,0,6
20544,0.3238616,0,6
13428,0.3236303,0,6
8130,0.32355496,0,6
23954,0.32326642,0,6
23638,0.32295075,0,6
15690,0.32230532,0,6
5554,0.32180476,0,6
5952,0.32152504,0,6
4012,0.321439,0,6
16483,0.32043988,0,6
1948,0.3200905,0,6
22192,0.31952778,0,6
4695,0.31949025,0,6
20744,0.31930095,0,6
27158,0.3188765,1,6
13743,0.31870654,0,6
20862,0.3186546,1,6
8898,0.3186301,0,6
11770,0.3185803,0,6
2903,0.3171245,0,6
18112,0.31663445,0,6
17027,0.31631878,0,6
8378,0.31624356,0,6
22097,0.3160597,0,6
17007,0.3157373,0,6
5508,0.3149963,0,6
17407,0.31451663,1,6
19802,0.31279078,0,6
27713,0.3122827,0,6
23810,0.31190142,0,6
4910,0.31135568,0,6
10244,0.30960846,0,6
10187,0.3095352,0,6
5444,0.3090927,1,6
9481,0.3080702,0,6
6423,0.30799237,0,6
25904,0.30730903,0,6
14067,0.30710253,0,6
5067,0.30678645,0,6
20219,0.30671954,0,6
27735,0.30635,0,6
23144,0.30606896,0,6
23715,0.30589324,0,6
15074,0.30436552,0,6
18640,0.30351976,0,6
13391,0.30326417,0,6
23673,0.30302638,0,6
8480,0.30299532,0,6
5317,0.30243775,0,6
16912,0.30191225,0,6
29989,0.30068237,1,6
7678,0.30009797,0,6
20725,0.29943916,0,6
6386,0.2993559,0,6
14162,0.29908612,0,6
16396,0.29820794,0,6
17531,0.29817107,0,6
1000,0.29802647,0,6
21132,0.2977814,0,6
21208,0.29748908,1,6
6113,0.29672128,0,6
24219,0.29566383,0,6
530,0.29551902,0,6
28471,0.29537442,1,6
17456,0.29495117,0,6
620,0.29485664,0,6
17342,0.29474267,0,6
10412,0.29452875,0,6
8208,0.29396185,0,6
15753,0.2936307,0,6
30286,0.2932444,0,6
23105,0.29323614,0,6
15766,0.2924466,0,6
9432,0.29242352,0,6
5248,0.29225394,0,6
5739,0.29164514,0,6
4710,0.29161742,0,6
28495,0.2912244,1,6
1735,0.29087958,0,6
13758,0.29078916,0,6
20434,0.29078904,0,6
8515,0.29074982,0,6
16053,0.29057956,0,6
13551,0.29054192,0,6
14276,0.29004848,0,6
6432,0.28962344,0,6
24359,0.28945243,0,6
28186,0.2893745,0,6
23614,0.28901276,0,6
26684,0.28896976,0,6
14465,0.2884538,0,6
1561,0.2882909,0,6
19407,0.28780654,0,5
10417,0.28766674,0,5
27447,0.28751832,0,5
18002,0.28725606,0,5
17338,0.28683847,0,5
1932,0.28678596,0,5
37,0.28640583,0,5
8711,0.2859459,0,5
16287,0.28591552,0,5
21642,0.28542066,1,5
1775,0.28384492,0,5
9289,0.28322795,0,5
20002,0.28303447,0,5
19990,0.28303447,0,5
10677,0.28302118,0,5
3525,0.28269854,0,5
5713,0.28256008,0,5
9056,0.28184786,0,5
22348,0.2816135,0,5
24680,0.28156176,0,5
17460,0.28133714,0,5
22123,0.28089768,0,5
6952,0.27965933,0,5
8868,0.27946737,0,5
14452,0.27803227,0,5
2766,0.2777242,0,5
12650,0.27727234,0,5
24733,0.2766407,0,5
18710,0.2766086,0,5
3040,0.27628013,0,5
14043,0.27580848,0,5
4862,0.27523008,0,5
24321,0.27511775,0,5
18461,0.2745826,0,5
9462,0.2740962,0,5
25813,0.27332494,0,5
24628,0.27228996,0,5
4152,0.27156687,0,5
27117,0.2714171,0,5
4338,0.27136543,0,5
8232,0.2710235,0,5
8866,0.27068448,0,5
15310,0.27059206,0,5
8847,0.27046058,0,5
10938,0.26985714,0,5
6791,0.2689104,0,5
28270,0.2687153,0,5
25963,0.26751852,0,5
20555,0.26732835,0,5
14808,0.26724267,0,5
10769,0.2668061,0,5
18348,0.26663592,0,5
28015,0.2663622,0,5
1480,0.26633984,0,5
14501,0.2662105,0,5
6268,0.2660388,0,5
24203,0.26474345,0,5
16747,0.26300123,0,5
27639,0.26262373,0,5
15149,0.26244605,0,5
10274,0.26144,0,5
5858,0.2610228,0,5
24248,0.2609063,0,5
20612,0.26086378,0,5
3179,0.2608146,0,5
21590,0.2606247,1,5
4475,0.25947613,0,5
25148,0.2586102,0,5
18016,0.25855032,0,5
464,0.25834337,0,5
19569,0.2581061,0,5
19822,0.25764441,0,5
26659,0.25742406,0,5
19706,0.25642768,0,5
15091,0.25505242,0,5
16111,0.25445122,0,5
27839,0.25420696,1,5
20932,0.25393257,0,5
8563,0.25328246,0,5
12345,0.2531892,0,5
9160,0.2524285,0,5
3914,0.25197795,0,5
18956,0.25164166,0,5
22643,0.2514509,0,5
23823,0.2505468,0,5
16978,0.25036216,0,5
3443,0.24944097,0,5
21206,0.2493069,0,5
27613,0.24878626,0,5
27275,0.24841315,0,5
2117,0.24719165,0,5
21666,0.24685419,0,5
11579,0.24666962,0,5
13171,0.2463327,0,5
17291,0.24540949,0,5
10811,0.24491654,0,5
16726,0.24477822,0,5
16067,0.24386474,0,5
18468,0.24375257,0,5
11772,0.24347591,0,5
289,0.2432808,0,5
22399,0.24310383,0,5
18579,0.24297711,0,5
6213,0.24289593,0,5
16827,0.24273753,0,5
22759,0.24269676,0,5
24588,0.24261454,0,5
4721,0.24187511,0,5
7327,0.24174911,0,5
24199,0.24104555,0,5
10095,0.2409047,0,5
17069,0.24081646,0,5
959,0.24079433,0,5
24598,0.24077128,0,5
18885,0.24064289,0,5
842,0.240176,0,5
3080,0.23911653,0,5
16568,0.2387841,0,5
26327,0.23820472,1,5
30269,0.23797777,0,5
9084,0.23784336,0,5
3656,0.23779927,0,5
26454,0.23758227,0,5
17028,0.23743255,0,5
3485,0.23598182,0,5
8405,0.23577127,0,5
19338,0.23520365,0,5
1671,0.23479486,0,5
2956,0.23413523,0,5
16205,0.23385638,0,5
10319,0.23320507,0,5
9728,0.23311143,0,5
28523,0.23273171,0,5
10680,0.23212676,0,5
23828,0.2319764,0,5
12184,0.23163179,0,5
28519,0.23152013,1,5
19392,0.23119369,0,5
18890,0.23104617,0,5
22474,0.2304778,0,5
7063,0.23041748,0,5
5571,0.23007676,0,5
28210,0.22999181,1,5
15004,0.2297854,0,5
14834,0.22874226,0,5
15563,0.22779368,0,5
19556,0.2273644,0,5
12640,0.22726566,0,5
22769,0.22671507,0,5
20202,0.22635548,0,5
15232,0.22579968,0,5
4641,0.2254989,0,5
28704,0.22524852,0,5
504,0.22515024,0,5
8834,0.22429803,0,5
9913,0.22429803,0,5
15406,0.22429419,0,5
15375,0.22429419,0,5
8784,0.22407398,0,5
13249,0.22310868,0,5
9716,0.2230601,0,5
9973,0.22185749,0,5
19018,0.22184445,0,5
6990,0.22182705,0,5
20946,0.22125694,0,5
2955,0.221052,0,5
20898,0.22066964,0,5
13302,0.22010037,0,5
15290,0.22010037,0,5
28470,0.2199469,1,5
20773,0.21934043,0,5
14180,0.21918853,0,5
18429,0.2191137,0,5
14575,0.21875718,0,5
2196,0.2183808,0,5
2295,0.2183808,0,5
3533,0.21829692,0,5
15058,0.21796803,0,5
17692,0.21788819,0,5
19262,0.21760613,0,5
17560,0.21726064,0,5
10170,0.21671179,0,5
12117,0.2162019,0,5
26644,0.21604413,0,5
18830,0.21528266,0,5
1889,0.21500017,0,5
23539,0.21430501,0,5
26433,0.21375744,0,5
3877,0.21346317,0,5
23033,0.21339537,0,5
23383,0.2129484,0,5
9493,0.21294416,0,5
27000,0.21285628,0,5
4322,0.21276575,0,5
5901,0.2124995,0,5
12275,0.21242689,0,5
18712,0.21234015,0,5
5677,0.21219845,1,5
22233,0.2111972,0,5
24197,0.21086517,0,5
1491,0.21031287,0,5
6471,0.21023625,1,5
20240,0.20991214,0,5
10361,0.20931077,0,5
10441,0.20931077,0,5
27655,0.20877081,1,5
8802,0.20814861,0,5
23359,0.20791867,0,5
4416,0.20775874,0,5
23075,0.20754501,0,5
6191,0.20663035,0,5
14636,0.2062504,0,5
8877,0.20617919,0,5
4809,0.20530194,0,5
17243,0.20508964,0,5
18756,0.20472783,0,5
3835,0.20448382,0,5
28436,0.20436254,0,5
5026,0.20310251,0,5
26640,0.202604,0,5
331,0.2023969,0,5
25602,0.20223638,0,5
21825,0.20212726,0,5
20768,0.20204343,0,5
16390,0.2019268,0,5
21820,0.20191324,0,5
22993,0.20168084,0,5
13140,0.20142028,0,5
10050,0.20126829,0,5
14954,0.2007772,0,5
18238,0.2002466,0,5
8842,0.19868878,0,5
909,0.19829941,0,5
17997,0.1978411,0,5
6354,0.19767162,0,5
5614,0.19744597,0,5
16351,0.19729647,0,5
24305,0.19716054,0,5
15831,0.19707996,0,5
8207,0.19612662,0,5
16600,0.1954536,0,5
12748,0.19545256,0,5
18257,0.19523147,0,5
29566,0.19496945,0,5
14985,0.19479552,0,5
26969,0.19469789,0,5
25881,0.19412951,0,5
2851,0.19373977,0,5
6880,0.192457,0,5
28960,0.1921436,0,5
13594,0.19213225,0,5
17857,0.19190082,0,5
16650,0.1915524,0,5
14408,0.19147567,0,5
23253,0.19115192,0,5
11508,0.19109063,0,5
24050,0.190945,0,5
26464,0.19046341,0,5
9867,0.1899521,0,5
14833,0.18988855,0,5
24968,0.18968005,0,5
18759,0.18944849,0,5
14872,0.18876924,0,5
750,0.1882746,0,5
14081,0.18784654,0,5
25962,0.18763568,1,5
7958,0.18755306,0,5
13702,0.1875121,0,5
26560,0.18720229,1,5
14779,0.18703571,0,5
14382,0.18698013,0,5
12766,0.18681224,0,5
16644,0.18652853,0,5
14516,0.18634462,0,5
14694,0.18607913,0,5
16942,0.18597458,0,5
20480,0.18571262,0,5
462,0.18451491,0,5
18717,0.18445377,0,5
23240,0.18401222,0,5
16910,0.18387806,0,5
7059,0.18381846,0,5
18017,0.18376748,0,5
12810,0.18324672,0,5
14936,0.18311551,0,5
23405,0.18183263,0,5
20975,0.1811975,0,5
13474,0.18090318,0,5
27563,0.18016368,0,5
26034,0.1789227,0,5
17016,0.17734182,0,5
18553,0.17726462,0,5
14487,0.17695445,0,5
23174,0.17695262,0,5
14771,0.17685157,0,5
4022,0.17678872,0,5
23068,0.1766155,0,5
15090,0.17539753,0,5
16188,0.17479612,0,5
3883,0.17460904,0,5
13484,0.17442667,0,5
17815,0.1744196,0,5
27383,0.17413208,0,5
7007,0.17372642,0,5
24137,0.17272142,0,5
8355,0.17194359,0,5
15459,0.17149243,0,4
11847,0.17052138,0,4
9399,0.17015731,0,4
2246,0.17011937,0,4
24343,0.16947585,1,4
22104,0.16909863,0,4
24394,0.168946,0,4
25196,0.16848509,0,4
11862,0.16844557,0,4
11887,0.1684245,0,4
14325,0.16735663,0,4
29809,0.16731645,1,4
7849,0.16697563,0,4
19790,0.16660105,0,4
15421,0.16652802,0,4
23949,0.16611092,0,4
23750,0.16578282,0,4
7987,0.1656931,0,4
23972,0.16545208,0,4
13520,0.16543052,0,4
2258,0.16537763,0,4
18751,0.1653358,0,4
16685,0.16532905,0,4
14454,0.16516198,0,4
14330,0.16466284,0,4
13728,0.16462454,0,4
14621,0.16412866,0,4
24411,0.16403414,0,4
10375,0.1639513,0,4
19374,0.16374584,0,4
1934,0.16358675,0,4
3096,0.16315971,0,4
16175,0.16279887,0,4
11670,0.16260992,0,4
7980,0.1626018,0,4
25033,0.16251071,0,4
12895,0.16249059,0,4
10690,0.1623033,0,4
6714,0.1620019,0,4
26075,0.1618824,0,4
7198,0.16122194,0,4
14588,0.1612148,0,4
26614,0.16121204,0,4
15280,0.160991,0,4
25475,0.16081707,0,4
19141,0.16066322,0,4
18093,0.16041939,0,4
12009,0.16030706,0,4
6981,0.16019323,0,4
24520,0.16013877,0,4
16076,0.15982746,0,4
10472,0.1598175,0,4
15055,0.15942529,0,4
13912,0.15935037,0,4
9396,0.15924658,0,4
30506,0.15901019,1,4
22996,0.15866844,0,4
1215,0.15845656,0,4
1854,0.15827525,0,4
16694,0.15813132,0,4
5193,0.15777336,0,4
21958,0.15723781,0,4
22917,0.15697941,0,4
23749,0.15665561,0,4
19494,0.15642507,0,4
23966,0.1563007,0,4
9123,0.15581043,0,4
18768,0.15581012,0,4
23890,0.15559031,0,4
17033,0.15553758,0,4
17017,0.15541402,0,4
16108,0.15537731,0,4
10661,0.1553625,0,4
2952,0.15522493,0,4
838,0.1551407,0,4
12791,0.15504597,0,4
14852,0.154989,0,4
149,0.15459856,0,4
10073,0.15436335,0,4
20203,0.15432204,0,4
22609,0.1532244,0,4
21036,0.15311585,0,4
10022,0.1529834,0,4
24238,0.15289363,0,4
12426,0.15260988,0,4
6768,0.15246728,0,4
12415,0.15201804,0,4
8789,0.15199356,0,4
17745,0.15165336,0,4
20661,0.15157662,0,4
21949,0.15150188,0,4
1882,0.15138078,0,4
23040,0.15115209,0,4
22825,0.15089944,0,4
26456,0.1506508,0,4
24745,0.1502556,0,4
9095,0.1495529,0,4
19487,0.14900331,0,4
14403,0.14844,0,4
17299,0.14830148,0,4
23494,0.1482431,0,4
15603,0.14823984,0,4
25730,0.14821751,0,4
2461,0.14747128,0,4
2293,0.14680083,1,4
18740,0.14678234,0,4
20908,0.14655656,0,4
12286,0.1464547,0,4
15669,0.14640805,0,4
24277,0.14581501,0,4
20262,0.145732,0,4
18339,0.14564931,0,4
15321,0.14548239,0,4
17603,0.14544305,0,4
19428,0.14537321,0,4
22791,0.1451719,0,4
1651,0.1448928,0,4
18254,0.14454927,0,4
13007,0.14443597,0,4
11164,0.14393999,0,4
8716,0.14350086,0,4
13799,0.14317535,0,4
8196,0.14316785,0,4
16092,0.14291605,0,4
11785,0.14290416,0,4
13186,0.14279649,0,4
23143,0.14248316,0,4
14011,0.14238986,0,4
18727,0.14152619,0,4
10781,0.14152522,0,4
24124,0.14100677,0,4
25001,0.1409597,0,4
22145,0.14095554,0,4
23123,0.14056674,0,4
15333,0.13978241,0,4
23938,0.13967268,0,4
27544,0.13965683,0,4
26452,0.13957815,0,4
23007,0.13836439,0,4
13549,0.13823792,0,4
24448,0.1379491,0,4
17962,0.13776638,0,4
7829,0.1377043,0,4
864,0.13769464,0,4
9069,0.13737689,0,4
10783,0.1372241,0,4
15231,0.1370791,0,4
12412,0.13704255,0,4
8432,0.13647217,0,4
17730,0.13634379,0,4
29276,0.13633157,0,4
8804,0.13620222,0,4
9605,0.13553093,0,4
12447,0.13529047,0,4
11717,0.13503498,0,4
2587,0.13486712,0,4
25299,0.13475701,0,4
25189,0.13448492,0,4
12861,0.13422093,0,4
25445,0.13414541,0,4
27879,0.13321328,0,4
12993,0.13312352,0,4
19331,0.13210201,0,4
12140,0.1320871,0,4
8296,0.13184944,0,4
21833,0.1316968,0,4
29573,0.13150716,1,4
24222,0.13133848,0,4
24346,0.13126215,0,4
11387,0.13108051,0,4
11253,0.13098839,0,4
1773,0.13083586,0,4
27403,0.13018602,1,4
27597,0.13012928,0,4
16301,0.12994103,0,4
26713,0.12946855,0,4
15971,0.12927902,0,4
17233,0.12921686,0,4
2188,0.12880452,0,4
18558,0.12838116,0,4
26293,0.12828547,0,4
25592,0.12818398,0,4
23559,0.12810715,0,4
29406,0.12806047,0,4
24005,0.12804174,0,4
2865,0.12786335,0,4
23997,0.12754361,0,4
12441,0.12751555,0,4
25234,0.12740393,0,4
5795,0.12670761,0,4
25655,0.12625022,0,4
12619,0.12610263,0,4
14302,0.12610263,0,4
24204,0.1260445,0,4
20303,0.1260423,0,4
25561,0.12591428,0,4
18409,0.12572896,0,4
17645,0.1256111,0,4
18355,0.12552491,0,4
21173,0.124901876,0,4
16527,0.1246138,0,4
12079,0.12458979,0,4
15826,0.12458174,0,4
13079,0.12412024,0,4
14891,0.123873346,0,4
3861,0.12357357,0,4
10270,0.12348166,0,4
30095,0.12337544,0,4
29514,0.1232041,0,4
17095,0.122750595,0,4
16136,0.12268138,0,4
21781,0.12258505,0,4
18347,0.12247056,0,4
10194,0.12246555,0,4
15122,0.12225912,0,4
6994,0.12220348,0,4
17124,0.12185083,0,4
26428,0.121816054,0,4
17129,0.121689394,0,4
24780,0.121648446,0,4
30388,0.121585675,0,4
17787,0.12099752,0,4
4573,0.120974414,0,4
18328,0.120819665,0,4
18202,0.120819665,0,4
13657,0.12065425,0,4
6924,0.120648205,0,4
17662,0.12064493,0,4
26769,0.12061677,0,4
17369,0.12058444,0,4
15793,0.12041095,0,4
14878,0.120308235,0,4
27596,0.12029076,0,4
9536,0.119578965,0,4
16475,0.11901468,0,4
17561,0.11788713,0,4
22532,0.11759309,0,4
4644,0.117091455,0,4
5085,0.11622277,0,4
16362,0.11530961,0,4
11894,0.1150562,0,4
17874,0.11485554,0,4
16199,0.11459762,0,4
27134,0.11420175,0,4
5968,0.114188455,0,4
14855,0.11357013,0,4
15377,0.11324055,0,4
5824,0.1131366,0,4
26189,0.11309127,0,4
9890,0.11244241,0,4
21488,0.11214729,0,4
18366,0.11213897,0,4
6861,0.11198607,0,4
17618,0.1114881,0,4
12179,0.11137149,0,4
6387,0.11136475,0,4
11076,0.11119046,0,4
5723,0.11098233,0,4
11797,0.11050166,0,4
10968,0.11036017,0,4
29278,0.11027008,0,4
16132,0.110257715,0,4
17413,0.110117644,0,4
14461,0.109748535,0,4
17268,0.10953004,0,4
21596,0.10946059,0,4
26978,0.109375656,0,4
6910,0.10934041,0,4
29325,0.10918997,0,4
19318,0.10911512,0,4
19003,0.10900734,0,4
3011,0.107735194,0,4
16879,0.10763675,0,4
19700,0.10763467,0,4
14813,0.10746198,0,4
24283,0.10720842,0,4
29764,0.1071804,1,4
26012,0.10706018,0,4
26802,0.106897004,1,4
15174,0.1064562,0,4
8375,0.10643335,0,4
5287,0.106025435,0,4
22264,0.105972774,0,4
16004,0.105539344,0,4
6290,0.1055198,0,4
24060,0.105427794,0,4
24954,0.105381824,0,4
14037,0.10527152,0,4
15544,0.105267026,0,4
17097,0.1050776,0,4
8996,0.1049932,0,4
27299,0.10485938,0,4
8509,0.104340725,0,4
11384,0.10418071,0,4
16128,0.10398828,0,4
439,0.10380741,0,4
25505,0.10307712,0,4
5602,0.10303957,0,4
10857,0.10282235,0,4
21880,0.10265105,0,4
19047,0.10250257,0,4
27193,0.1020919,0,4
23071,0.10187567,0,4
18351,0.10166485,0,4
28516,0.10144731,0,4
20753,0.101412974,0,4
5532,0.10133099,0,3
7623,0.100658886,0,3
18638,0.1003238,0,3
29190,0.10024595,0,3
14858,0.100028716,0,3
28709,0.09937366,0,3
14911,0.09912047,0,3
25182,0.099021986,0,3
7932,0.09886361,0,3
12918,0.09867992,0,3
5481,0.09859242,0,3
18072,0.09837118,0,3
17148,0.09816854,0,3
16363,0.09809845,0,3
10733,0.098062076,0,3
10156,0.09781165,0,3
24853,0.09771938,0,3
14525,0.09764799,0,3
10040,0.097038664,0,3
6878,0.09696156,0,3
20111,0.0967627,0,3
26163,0.096465096,0,3
23588,0.096456766,0,3
13766,0.09643421,0,3
24547,0.09636386,0,3
7787,0.09618239,0,3
24198,0.095996514,0,3
11175,0.09594774,0,3
7481,0.09594212,0,3
25663,0.095741734,0,3
26895,0.09558124,0,3
15996,0.0953061,0,3
26175,0.0951264,0,3
26025,0.09512166,0,3
22150,0.09499909,0,3
27061,0.09439062,0,3
18720,0.094316825,0,3
23106,0.094109386,0,3
28268,0.09390537,0,3
19057,0.09320508,0,3
25284,0.092949644,0,3
9636,0.09294416,0,3
12697,0.09273924,0,3
14935,0.0926018,0,3
8023,0.09231673,0,3
15481,0.09225149,0,3
8157,0.09217036,0,3
8767,0.091947466,0,3
22382,0.091864154,0,3
16163,0.0918045,0,3
22148,0.0916993,0,3
14388,0.09139062,0,3
17002,0.09105982,0,3
6712,0.09105849,0,3
5643,0.09076496,0,3
9017,0.09055885,0,3
15547,0.090185836,0,3
7691,0.08990997,0,3
18782,0.08973838,0,3
27159,0.08973409,0,3
27659,0.08967584,0,3
20490,0.08955937,0,3
5094,0.08952452,0,3
20101,0.08943866,0,3
26192,0.08888026,0,3
8126,0.08843353,0,3
11079,0.088390134,0,3
9909,0.088029996,0,3
10066,0.0871093,0,3
11050,0.0868852,0,3
28318,0.086863935,0,3
12185,0.086235665,0,3
21633,0.08553583,0,3
21902,0.085235246,0,3
17850,0.08517963,0,3
14467,0.08498364,0,3
19249,0.084200405,0,3
16311,0.083937064,0,3
12750,0.08392381,0,3
16462,0.08311835,0,3
13820,0.082851365,0,3
3082,0.082838684,0,3
8210,0.08260139,0,3
15553,0.082355745,0,3
5423,0.08179607,0,3
18031,0.081597015,0,3
14329,0.081514865,0,3
15576,0.08130244,0,3
18567,0.08120712,0,3
12639,0.08117813,0,3
17039,0.08106323,0,3
13193,0.08055086,0,3
12509,0.08048488,0,3
21934,0.08016544,0,3
24800,0.07998745,0,3
13589,0.0798085,0,3
3436,0.07973454,0,3
10740,0.0793572,0,3
9291,0.079288416,0,3
18942,0.07928703,0,3
12171,0.07922657,0,3
5658,0.079216376,0,3
16213,0.07912644,0,3
12485,0.07885584,0,3
11883,0.07885314,0,3
11500,0.07880657,0,3
11529,0.07802656,0,3
21090,0.07796362,0,3
4764,0.07735981,0,3
22262,0.07724129,0,3
16415,0.07722777,0,3
22694,0.0772229,0,3
29422,0.07720542,1,3
25089,0.07671761,0,3
21107,0.07585636,0,3
6244,0.07570337,0,3
30541,0.07562781,0,3
18760,0.075482555,0,3
16620,0.075418435,0,3
16180,0.07541511,0,3
25852,0.074943356,0,3
10205,0.074817955,0,3
24849,0.07462888,0,3
9115,0.0746245,0,3
14645,0.07462385,0,3
16144,0.074125074,0,3
115,0.07406148,0,3
14559,0.07389761,0,3
15606,0.07340034,0,3
9448,0.07318497,0,3
7631,0.07297196,0,3
13485,0.07292461,0,3
28541,0.07270067,0,3
15968,0.07264927,0,3
7754,0.07223762,0,3
5996,0.07206561,0,3
18211,0.072000906,0,3
13538,0.07181147,0,3
13562,0.07181147,0,3
3271,0.071725234,0,3
8185,0.07165576,0,3
11308,0.07159047,0,3
19242,0.07147198,0,3
23584,0.07144365,0,3
23742,0.07102047,0,3
11730,0.070735246,0,3
16675,0.07067326,0,3
12044,0.07062534,0,3
16442,0.07034413,0,3
24195,0.07024643,0,3
14203,0.06998826,0,3
27485,0.06992568,0,3
6668,0.06991357,0,3
16218,0.06970619,0,3
22977,0.069630116,0,3
14274,0.06953542,0,3
22059,0.06940986,0,3
27548,0.06903958,0,3
6131,0.06883005,0,3
5979,0.0686263,0,3
17203,0.068538524,0,3
8702,0.0685337,0,3
8295,0.068303816,0,3
12967,0.0683033,0,3
17674,0.068201,0,3
3390,0.06807036,0,3
11888,0.06806569,0,3
22925,0.06784055,0,3
10118,0.06782682,0,3
13794,0.06779993,0,3
15713,0.06767872,0,3
6395,0.0674815,0,3
2130,0.06740146,0,3
5817,0.067057796,0,3
15943,0.06705695,0,3
8352,0.06704251,0,3
13902,0.066811435,0,3
24544,0.065600745,0,3
2789,0.065585986,0,3
18210,0.065340705,0,3
5075,0.06529923,0,3
4115,0.065175466,0,3
16386,0.06507203,0,3
22254,0.065051205,0,3
14835,0.06496825,0,3
22879,0.06495794,0,3
23791,0.06381412,0,3
5756,0.06377463,0,3
11773,0.06368883,0,3
23057,0.06340374,0,3
16445,0.06334014,0,3
16680,0.06324738,0,3
6187,0.06300303,0,3
22919,0.062738225,0,3
16486,0.062707424,0,3
16046,0.06269037,0,3
16463,0.062280763,0,3
22313,0.062106363,0,3
12501,0.062023412,0,3
28342,0.061626956,0,3
11416,0.061523296,0,3
8954,0.061396364,0,3
15206,0.06129285,0,3
24867,0.06109798,0,3
24899,0.060939714,0,3
16732,0.060487103,0,3
5650,0.060418174,0,3
20054,0.060303412,0,3
9138,0.060279112,0,3
18138,0.060246907,0,3
14844,0.060134493,0,3
9322,0.06000965,0,3
11935,0.059444405,0,3
6749,0.059401188,0,3
25683,0.059390225,0,3
20246,0.05875629,0,3
10716,0.058604416,0,3
28317,0.05849228,0,3
22994,0.058386486,0,3
18581,0.057843238,0,3
15465,0.057791702,0,3
2006,0.057436667,0,3
920,0.05730406,0,3
11711,0.057203937,0,3
11456,0.057106894,0,3
21865,0.057021983,0,3
22962,0.056999747,0,3
5509,0.05684254,0,3
15495,0.056718756,0,3
27218,0.056658044,0,3
23328,0.05664728,0,3
28313,0.05652897,0,3
12168,0.05641772,0,3
23545,0.05560722,0,3
3171,0.055560324,0,3
5585,0.055406265,0,3
8495,0.055377726,0,3
26062,0.055193357,0,3
16649,0.055193316,0,3
6865,0.0551614,0,3
330,0.05510371,0,3
19302,0.055090103,0,3
6551,0.0547777,0,3
11509,0.05466852,0,3
8753,0.054452788,0,3
6047,0.05432229,0,3
21841,0.05428548,0,3
11532,0.05425626,0,3
21826,0.054161195,0,3
5940,0.054149024,0,3
18374,0.054078437,0,3
15195,0.053960852,0,3
16025,0.053959686,0,3
17938,0.053876728,0,3
5087,0.05373853,0,3
6753,0.053130005,0,3
9817,0.053128842,0,3
21140,0.05310872,0,3
17090,0.053103626,0,3
27326,0.052943625,0,3
18613,0.052748967,0,3
20547,0.052406874,0,3
14244,0.052376784,0,3
16908,0.052256156,0,3
3361,0.051737223,0,3
13086,0.051546592,0,3
16091,0.051546592,0,3
24994,0.051134005,0,3
23172,0.0511319,0,3
1055,0.05099956,0,3
15507,0.050902188,0,3
17620,0.050841838,0,3
16681,0.05059998,0,3
18297,0.050422914,0,3
8821,0.05031206,0,3
11251,0.050192423,0,3
6672,0.05006263,0,3
466,0.049924653,0,3
14541,0.049924135,0,3
14146,0.049802594,0,3
24958,0.049771972,0,3
9377,0.04976815,0,3
22199,0.049751937,0,3
2266,0.04974327,0,3
25938,0.049641423,0,3
16853,0.049446266,0,3
10785,0.04937742,0,3
10451,0.049301516,0,3
11676,0.049182415,0,3
18064,0.04903094,0,3
21167,0.048869725,1,3
25132,0.048610777,0,3
7036,0.04854492,0,3
16433,0.048495594,0,3
15678,0.048088793,0,3
8814,0.048067864,0,3
2309,0.047907412,0,3
4743,0.047847442,0,3
28621,0.04769036,0,3
5184,0.047626078,0,3
14206,0.047472555,0,3
5228,0.04742849,0,3
7902,0.047356255,0,3
2588,0.04721567,0,3
20475,0.0471766,0,3
16214,0.047164705,0,3
9766,0.04711464,0,2
15951,0.04708804,0,2
19640,0.046970617,0,2
10234,0.046856064,0,2
21675,0.04678522,0,2
15767,0.046770357,0,2
12609,0.04665955,0,2
24691,0.046486363,0,2
27894,0.04643461,0,2
16477,0.046360124,0,2
5920,0.0462514,0,2
14038,0.045982283,0,2
2354,0.04580739,0,2
6568,0.045581173,0,2
5740,0.045490686,0,2
8611,0.045432307,0,2
7399,0.045226246,0,2
5796,0.04511862,0,2
29164,0.04498887,1,2
8690,0.044915766,0,2
26585,0.044651944,0,2
6565,0.044636104,0,2
6974,0.04461097,0,2
7834,0.044388633,0,2
22588,0.044380706,0,2
2470,0.04429024,0,2
18252,0.043954305,0,2
12872,0.043741833,0,2
208,0.04368926,0,2
25009,0.043504152,0,2
16770,0.043500386,0,2
1489,0.043120675,0,2
16045,0.04301063,0,2
26048,0.042954072,0,2
21963,0.042954072,0,2
2948,0.04265099,0,2
19049,0.042523436,0,2
29942,0.04244159,0,2
38,0.042309962,0,2
6502,0.042113755,0,2
2003,0.041881427,0,2
17704,0.041859046,0,2
24463,0.04180976,0,2
6189,0.04180141,0,2
21682,0.041760847,0,2
7816,0.041738413,0,2
23616,0.04173703,0,2
6945,0.041726407,0,2
15476,0.041720726,0,2
6614,0.04155127,0,2
2652,0.04146282,0,2
7737,0.041397557,0,2
14196,0.041377928,0,2
15557,0.041250296,0,2
9991,0.041172717,0,2
11391,0.041079316,0,2
1074,0.04102259,0,2
28445,0.04101085,0,2
5354,0.040889397,0,2
15352,0.040877793,0,2
3725,0.040807128,0,2
15083,0.04078273,0,2
7930,0.04065656,0,2
21969,0.04052821,0,2
25137,0.040406343,0,2
7848,0.040327784,0,2
9815,0.040238265,0,2
15916,0.040101167,0,2
12524,0.040082682,0,2
10818,0.040082287,0,2
21058,0.040019806,0,2
5743,0.039940212,0,2
19314,0.039878283,0,2
13948,0.039826594,0,2
11361,0.03982281,0,2
4583,0.039689705,0,2
15809,0.039585616,0,2
12365,0.039559193,0,2
13457,0.039540626,0,2
5406,0.03944744,0,2
21070,0.0392875,0,2
18762,0.03919897,0,2
5008,0.039172377,0,2
15988,0.03915991,0,2
14587,0.039066125,0,2
4525,0.0390262,0,2
11882,0.038991883,0,2
24704,0.038968302,0,2
9171,0.03895493,0,2
2581,0.038934734,0,2
5256,0.038822003,0,2
24338,0.03881991,0,2
1106,0.038758352,0,2
24533,0.038420204,0,2
10306,0.038362253,0,2
2391,0.038284317,0,2
5964,0.038237028,0,2
25677,0.03787948,0,2
5034,0.037875123,0,2
1465,0.03786358,0,2
12269,0.03764622,0,2
15182,0.03762248,0,2
6087,0.037563358,0,2
26351,0.03751443,0,2
47,0.03741572,0,2
6695,0.03735745,0,2
2156,0.037305817,0,2
11270,0.03720837,0,2
4687,0.037156723,0,2
3743,0.037064593,0,2
5542,0.03700231,0,2
996,0.036953203,0,2
10442,0.036897384,0,2
11876,0.036761217,0,2
4116,0.036742985,0,2
12283,0.036707688,0,2
12719,0.03670182,0,2
17282,0.036671806,0,2
20817,0.03664812,0,2
3253,0.036572978,0,2
7089,0.036568318,0,2
3097,0.036525697,0,2
6323,0.036391877,0,2
5350,0.036369395,0,2
5300,0.036365904,0,2
17663,0.036262993,0,2
9793,0.036184818,0,2
11316,0.036142077,0,2
9104,0.036103368,0,2
24559,0.036093075,0,2
14307,0.035968423,0,2
5335,0.035909344,0,2
22329,0.03581501,0,2
23224,0.03576586,0,2
1947,0.03570861,0,2
7661,0.03570335,0,2
5562,0.03568509,0,2
13451,0.035648048,0,2
4088,0.03547067,0,2
14148,0.03544976,0,2
18729,0.03543001,0,2
6345,0.035300624,0,2
5050,0.03496526,0,2
6442,0.034902073,0,2
10298,0.03479518,0,2
733,0.034753494,0,2
7395,0.03471991,0,2
23451,0.034687072,0,2
18364,0.034652334,0,2
18109,0.034611475,0,2
24630,0.034587268,0,2
1371,0.0344273,0,2
29901,0.034390707,0,2
21844,0.034331102,0,2
22572,0.03430629,0,2
26205,0.034253944,0,2
24311,0.034134075,0,2
2724,0.03404709,0,2
23457,0.033962272,0,2
3254,0.033826895,0,2
17328,0.0337619,0,2
17286,0.033745445,0,2
16078,0.033703692,0,2
12328,0.033461247,0,2
25738,0.03337814,0,2
1966,0.033335093,0,2
24516,0.033316486,0,2
15997,0.033177484,0,2
21953,0.03314855,0,2
12774,0.03308385,0,2
3769,0.033040244,0,2
6469,0.032943774,0,2
15745,0.032918215,0,2
736,0.03279337,0,2
14780,0.032615658,0,2
3480,0.032587055,0,2
4923,0.032539584,0,2
26503,0.03247701,0,2
6792,0.032196596,0,2
14051,0.032132167,0,2
24566,0.032112554,0,2
6162,0.032007802,0,2
480,0.03197201,0,2
3613,0.031660367,0,2
1730,0.031645343,0,2
992,0.03151541,0,2
7722,0.031477474,0,2
12471,0.031398274,0,2
5872,0.03132428,0,2
1071,0.031310566,0,2
15064,0.031156648,0,2
1926,0.031154227,0,2
7203,0.031125333,0,2
23899,0.030973138,0,2
4607,0.030739684,0,2
14857,0.030730715,0,2
21701,0.030695746,0,2
3076,0.030539168,0,2
17321,0.030389907,0,2
16210,0.030384736,0,2
5871,0.030213838,0,2
24330,0.03015462,0,2
22163,0.030125726,0,2
7730,0.030058652,0,2
7431,0.0300219,0,2
11802,0.029990751,0,2
5297,0.029961294,0,2
25369,0.029937673,0,2
12377,0.029934552,0,2
2028,0.029925346,0,2
880,0.029864876,0,2
3422,0.029749336,0,2
8467,0.029743293,0,2
6735,0.029653665,0,2
20482,0.029616825,0,2
5082,0.02953244,0,2
25847,0.029516859,0,2
9736,0.029457582,0,2
1247,0.029372437,0,2
15323,0.02936627,0,2
3926,0.029305968,0,2
9460,0.029251551,0,2
23073,0.029212464,0,2
10776,0.02919585,0,2
20557,0.029030172,0,2
25117,0.028968656,0,2
19026,0.028849743,0,2
16009,0.028800007,0,2
24076,0.028676044,0,2
11958,0.028668407,0,2
27480,0.028610783,0,2
7700,0.028586615,0,2
10410,0.02853597,0,2
791,0.02819789,0,2
4506,0.02818034,0,2
13331,0.02814479,0,2
5784,0.028127175,0,2
13264,0.02804222,0,2
20859,0.028013084,0,2
5738,0.027979678,0,2
5659,0.02795457,0,2
25883,0.02790287,1,2
27662,0.027805088,0,2
3126,0.027555024,0,2
4150,0.027544634,0,2
2317,0.027426101,0,2
17664,0.027180022,0,2
9484,0.027058603,0,2
2527,0.02698927,0,2
2700,0.02696096,0,2
13255,0.026881477,0,2
8640,0.026880559,0,2
14770,0.026876904,0,2
25419,0.02680617,0,2
13763,0.02680606,0,2
4613,0.026795488,0,2
15719,0.0267809,0,2
16522,0.026718048,0,2
23213,0.026648493,0,2
2768,0.026621487,0,2
14112,0.026613172,0,2
424,0.026553515,0,2
3518,0.026489817,0,2
16790,0.026473226,0,2
291,0.026221212,0,2
6328,0.026187696,0,2
15788,0.026169723,0,2
4790,0.025938552,0,2
4564,0.02592533,0,2
13335,0.02587443,0,2
10282,0.025874263,0,2
3741,0.025835639,0,2
7439,0.025815971,0,2
1166,0.02578986,0,2
14178,0.025720058,0,2
27589,0.02569488,0,2
1479,0.02568254,0,2
17807,0.025638526,0,2
23642,0.025406294,0,2
17349,0.02537555,0,2
4598,0.02532874,0,2
5412,0.025299773,0,2
723,0.025221221,0,2
9351,0.025198476,0,2
6163,0.02513475,0,2
18048,0.025127795,0,2
26910,0.025112355,0,2
10867,0.025063286,0,2
2563,0.024947608,0,2
5545,0.024936752,0,2
14812,0.02488255,0,2
5392,0.02487603,0,2
15887,0.024864975,0,2
12806,0.024864212,0,2
3035,0.024768494,0,2
7701,0.024721965,0,2
14159,0.024720497,0,2
1689,0.024714883,0,2
2537,0.02465005,0,2
6119,0.024630327,0,2
9231,0.024616906,0,2
21993,0.02455949,0,2
17452,0.02450624,0,2
19087,0.0244679,0,2
1787,0.024377663,0,2
23401,0.024290543,0,2
24580,0.024278503,0,1
1559,0.024253625,0,1
15813,0.024236733,0,1
5057,0.024084333,0,1
11469,0.023891492,0,1
22927,0.02383211,0,1
451,0.023768071,0,1
4712,0.023712205,0,1
15360,0.023641799,0,1
20236,0.023640687,0,1
1791,0.023629177,0,1
5044,0.02349079,0,1
70,0.023440123,0,1
6428,0.02336835,0,1
25368,0.023139121,0,1
9696,0.02313842,0,1
16588,0.023118645,0,1
20852,0.023082236,0,1
22516,0.023076028,0,1
3869,0.023053743,0,1
8546,0.023006624,0,1
6419,0.022971574,0,1
7710,0.022782726,0,1
14117,0.02271873,0,1
13298,0.022696378,0,1
13371,0.022624375,0,1
5343,0.022597747,0,1
21983,0.02259443,0,1
20414,0.022573331,0,1
29832,0.022572968,0,1
23961,0.022557555,0,1
8387,0.022547789,0,1
751,0.022455143,0,1
1956,0.022437481,0,1
12054,0.02237729,0,1
10151,0.022315454,0,1
5929,0.022272745,0,1
4066,0.022253916,0,1
23977,0.022196902,0,1
29442,0.022133736,0,1
9524,0.022116201,0,1
13334,0.021965627,0,1
26084,0.021887677,0,1
1461,0.021871487,0,1
7739,0.021753686,0,1
25283,0.021753244,0,1
3735,0.021691585,0,1
3797,0.021672549,0,1
13422,0.02164661,0,1
1460,0.02155733,0,1
7444,0.0214904,0,1
7096,0.021461256,0,1
6453,0.021458061,0,1
5522,0.021416856,0,1
3452,0.021407183,0,1
6095,0.021373196,0,1
5507,0.021358091,0,1
10901,0.021320648,0,1
7323,0.021226335,0,1
10795,0.021225607,0,1
9891,0.021176083,0,1
8620,0.021160739,0,1
10446,0.021153258,0,1
5467,0.021011151,0,1
6295,0.020963885,0,1
11995,0.020937158,0,1
1891,0.020833997,0,1
3251,0.020781651,0,1
22877,0.020723611,0,1
23874,0.02070181,0,1
925,0.02063567,0,1
12073,0.020587081,0,1
25929,0.020548142,0,1
25421,0.020545844,0,1
12068,0.020535149,0,1
5939,0.020478271,0,1
15638,0.02036083,0,1
520,0.020358566,0,1
25399,0.020282894,0,1
4938,0.020238487,0,1
9247,0.0202243,0,1
1418,0.020141182,0,1
15279,0.020095235,0,1
18889,0.02001744,0,1
2481,0.020000754,0,1
10544,0.019901045,0,1
12116,0.019840416,0,1
12353,0.019808954,0,1
22253,0.019650517,0,1
20991,0.01964772,0,1
11979,0.01952421,0,1
25324,0.01952263,0,1
25554,0.019506399,0,1
5905,0.01943908,0,1
546,0.019381575,0,1
618,0.019248059,0,1
4969,0.019232182,0,1
9787,0.01919196,0,1
12289,0.019183407,0,1
5243,0.019099392,0,1
12329,0.019059576,0,1
9965,0.01903191,0,1
17586,0.019006755,0,1
4227,0.018982084,0,1
17737,0.018957768,0,1
12129,0.018953878,0,1
25486,0.018841565,0,1
8662,0.018838184,0,1
1643,0.018805325,0,1
25160,0.018791946,0,1
24362,0.01875229,0,1
14564,0.018705612,0,1
10935,0.018643474,0,1
2077,0.01863945,0,1
4225,0.018633164,0,1
4011,0.018603219,0,1
26961,0.018585673,1,1
1758,0.018535895,0,1
24861,0.01853407,0,1
5220,0.018493494,0,1
18448,0.018432753,0,1
4211,0.018332139,0,1
12387,0.01824026,0,1
10309,0.018182809,0,1
8155,0.018141849,0,1
1053,0.01812047,0,1
10802,0.018100386,0,1
21727,0.018099492,0,1
6915,0.018095447,0,1
15931,0.018050475,0,1
4801,0.017959936,0,1
6495,0.017943827,0,1
5657,0.017939376,0,1
2508,0.01793248,0,1
24764,0.017829256,0,1
6351,0.017803306,0,1
6265,0.017765032,0,1
7207,0.017635977,0,1
1403,0.017577328,0,1
9286,0.017547315,0,1
26953,0.017541735,0,1
1039,0.017533263,0,1
8418,0.01745214,0,1
24106,0.01743732,0,1
3457,0.017407836,0,1
3506,0.017328296,0,1
4449,0.017322784,0,1
6969,0.01729156,0,1
7953,0.01728312,0,1
7725,0.017267877,0,1
8098,0.017236775,0,1
2711,0.017234925,0,1
11698,0.017211592,0,1
15402,0.01720169,0,1
24378,0.017167423,0,1
2659,0.017144531,0,1
6190,0.017112533,0,1
7160,0.017020082,0,1
16019,0.016936129,0,1
7115,0.016934533,0,1
24583,0.01690915,0,1
612,0.016864825,0,1
12285,0.016853563,0,1
25339,0.016825238,0,1
7019,0.016707977,0,1
5506,0.0166859,0,1
9650,0.016612206,0,1
4169,0.016602783,0,1
11639,0.016594516,0,1
7407,0.016492087,0,1
5019,0.016489452,0,1
1307,0.016460152,0,1
2514,0.016386893,0,1
22458,0.01634009,0,1
6648,0.016290866,0,1
23407,0.016241683,0,1
23872,0.016201314,0,1
7718,0.0160536,0,1
5962,0.016031833,0,1
6079,0.015930684,0,1
12614,0.015918773,0,1
3799,0.015900034,0,1
3621,0.015850827,0,1
10637,0.015827727,0,1
7423,0.015804656,0,1
12266,0.015770366,0,1
21751,0.015755925,0,1
23336,0.015652096,0,1
2282,0.015638692,0,1
4961,0.015636507,0,1
22311,0.015604699,0,1
10837,0.015527501,0,1
11980,0.015469107,0,1
7575,0.015444864,0,1
7552,0.015435151,0,1
5324,0.015338714,0,1
23160,0.015338513,0,1
1797,0.015291708,0,1
328,0.015288542,0,1
600,0.015238007,0,1
4782,0.015223945,0,1
1860,0.015215762,0,1
25241,0.01519477,0,1
10839,0.015109185,0,1
7153,0.014957535,0,1
12374,0.014938859,0,1
22453,0.014911875,0,1
9030,0.014899552,0,1
12004,0.014854282,0,1
22545,0.014781067,0,1
29569,0.014749297,0,1
6045,0.014732246,0,1
15898,0.014604728,0,1
4352,0.014585339,0,1
11814,0.014552829,0,1
6594,0.014551866,0,1
3339,0.014526258,0,1
1542,0.014522368,0,1
7507,0.014507738,0,1
29821,0.014450439,0,1
1571,0.0144001115,0,1
6522,0.014300729,0,1
25952,0.014297442,0,1
5828,0.014282539,0,1
1611,0.014218615,0,1
7131,0.014200889,0,1
20684,0.014190398,0,1
2534,0.014175078,0,1
1259,0.014165645,0,1
12318,0.014108857,0,1
1169,0.014088436,0,1
12207,0.014067178,0,1
11146,0.014037284,0,1
7668,0.014036545,0,1
23008,0.014034334,0,1
10231,0.01395348,0,1
15139,0.013864242,0,1
6155,0.013823203,0,1
28365,0.013810683,0,1
3504,0.01376411,0,1
7250,0.013750221,0,1
12039,0.013695241,0,1
16011,0.013661217,0,1
954,0.013514686,0,1
6845,0.013501979,0,1
7904,0.013490595,0,1
10255,0.013489148,0,1
2448,0.013463195,0,1
23568,0.013450869,0,1
11441,0.013434643,0,1
9512,0.013427016,0,1
12297,0.013405481,0,1
5635,0.013402196,0,1
14172,0.013397992,0,1
16036,0.0133936815,0,1
3033,0.013339763,0,1
25556,0.013268156,0,1
25723,0.013251578,0,1
23395,0.013247246,0,1
5726,0.013209589,0,1
2466,0.013088912,0,1
5059,0.013050858,0,1
10981,0.013047664,0,1
22457,0.013033746,0,1
3046,0.013018633,0,1
23690,0.013000503,0,1
579,0.012990499,0,1
7151,0.01298683,0,1
131,0.012929538,0,1
23883,0.012876694,0,1
29557,0.012769198,0,1
7887,0.012765797,0,1
21783,0.012678875,0,1
12043,0.012660937,0,1
29550,0.012559809,0,1
5629,0.012556686,0,1
26198,0.012531809,0,1
24713,0.012510783,0,1
2479,0.012474059,0,1
7566,0.012427261,0,1
1606,0.012423399,0,1
304,0.01241913,0,1
11192,0.012370973,0,1
24370,0.012344394,0,1
3605,0.012272189,0,1
21853,0.0122512765,0,1
12084,0.012245669,0,1
8792,0.012131532,0,1
9848,0.012131532,0,1
5096,0.01210448,0,1
2082,0.012091274,0,1
7513,0.012071879,0,1
5556,0.012069206,0,1
3350,0.012052172,0,1
10302,0.012046632,0,1
822,0.012028843,0,1
5100,0.011935103,0,1
955,0.011896673,0,1
186,0.011868031,0,1
1397,0.011836261,0,1
2988,0.011804873,0,1
7810,0.01179676,0,1
6711,0.0117595205,0,1
5862,0.011751742,0,1
2562,0.011641845,0,1
7430,0.011636052,0,1
1223,0.011555279,0,0
12370,0.0115091745,0,0
2459,0.011483099,0,0
10710,0.01146524,0,0
8618,0.011443421,0,0
6105,0.011420444,0,0
9994,0.011414114,0,0
6720,0.011364928,0,0
15433,0.011335152,0,0
9978,0.011310746,0,0
6301,0.011233512,0,0
22872,0.011227159,0,0
6627,0.011223464,0,0
25610,0.011192381,0,0
18605,0.011151671,0,0
6005,0.011129431,0,0
3411,0.011119496,0,0
25216,0.011104076,0,0
29479,0.011070845,0,0
4396,0.01106418,0,0
5841,0.01106216,0,0
6379,0.0110441055,0,0
1038,0.011039023,0,0
11485,0.011008908,0,0
3620,0.01097395,0,0
3417,0.010937993,0,0
1175,0.010908129,0,0
23594,0.010855086,0,0
22288,0.010806565,0,0
3898,0.010788129,0,0
7901,0.010744338,0,0
24423,0.010733324,0,0
6032,0.010724594,0,0
5270,0.010720472,0,0
7542,0.010691306,0,0
25006,0.010655406,0,0
9330,0.010640833,0,0
6532,0.010598968,0,0
11410,0.01050048,0,0
2166,0.010498013,0,0
4017,0.01046636,0,0
1363,0.0102959415,0,0
9562,0.010233744,0,0
6424,0.01017224,0,0
1887,0.010138688,0,0
4536,0.010109265,0,0
12394,0.010109261,0,0
1426,0.010072061,0,0
1535,0.010045111,0,0
8605,0.009960935,0,0
29918,0.009917639,0,0
25168,0.009912486,0,0
1487,0.009838358,0,0
295,0.009800822,0,0
481,0.009726882,0,0
2663,0.009662776,0,0
9637,0.009589944,0,0
24190,0.009589818,0,0
5014,0.009566653,0,0
6866,0.009447087,0,0
21662,0.009371942,0,0
597,0.009365516,0,0
12047,0.0093588205,0,0
7450,0.009210479,0,0
7406,0.009191253,0,0
29770,0.009166175,0,0
29726,0.009165755,0,0
24208,0.00912609,0,0
2368,0.009081247,0,0
29616,0.009070972,0,0
1241,0.009070771,0,0
1374,0.008996671,0,0
21918,0.008987119,0,0
22005,0.0089142565,0,0
7386,0.00890756,0,0
9976,0.008893125,0,0
7330,0.008886605,0,0
1718,0.008874907,0,0
25822,0.008826502,0,0
420,0.008820747,0,0
3934,0.0087804245,0,0
4605,0.008769235,0,0
284,0.008655761,0,0
5181,0.008440422,0,0
3583,0.008418644,0,0
13496,0.0083891675,0,0
29572,0.008376412,0,0
3681,0.008337777,0,0
7053,0.008321793,0,0
7577,0.008293171,0,0
4541,0.008250534,0,0
5269,0.008208505,0,0
7550,0.00819462,0,0
6663,0.008110707,0,0
893,0.0081033595,0,0
4572,0.008016778,0,0
1015,0.008002688,0,0
11505,0.007989846,0,0
1801,0.007970477,0,0
9541,0.007968404,0,0
4508,0.007918802,0,0
1114,0.007906143,0,0
3628,0.007863709,0,0
1349,0.007842628,0,0
1763,0.007831642,0,0
7740,0.007786937,0,0
8160,0.0077742147,0,0
316,0.0077423193,0,0
10002,0.0077012605,0,0
29558,0.0076448317,0,0
656,0.007636347,0,0
4258,0.0076234215,0,0
4198,0.007489632,0,0
21607,0.0074849688,0,0
1733,0.0074720434,0,0
5146,0.0074645565,0,0
24674,0.0074546323,0,0
2472,0.0074363584,0,0
8380,0.00742197,0,0
5632,0.0074186786,0,0
5605,0.007414617,0,0
542,0.0074143372,0,0
23799,0.007395779,0,0
4050,0.007378929,0,0
12360,0.00735801,0,0
17845,0.0073499726,0,0
2342,0.0072975736,0,0
4433,0.007278755,0,0
23728,0.007264693,0,0
4121,0.0071919425,0,0
6521,0.0071777347,0,0
7991,0.007113406,0,0
22223,0.0071034906,0,0
29568,0.0070663774,0,0
902,0.00706432,0,0
1817,0.0070540095,0,0
4284,0.0070512346,0,0
1522,0.0070296666,0,0
5212,0.0070265913,0,0
4674,0.0070231925,0,0
4872,0.0070150997,0,0
11432,0.0070102084,0,0
547,0.0069810785,0,0
3772,0.0069604293,0,0
12247,0.00686928,0,0
4957,0.006852615,0,0
1919,0.006801631,0,0
1399,0.0067628003,0,0
7341,0.0067265662,0,0
1347,0.0066847024,0,0
7679,0.006669399,0,0
4252,0.006661578,0,0
621,0.0066462136,0,0
7015,0.0066317674,0,0
3003,0.0066242884,0,0
11534,0.006605845,0,0
5820,0.0065727094,0,0
1164,0.0065697148,0,0
602,0.006542927,0,0
3753,0.006526103,0,0
4186,0.0065053357,0,0
923,0.006475774,0,0
6727,0.006456506,0,0
23607,0.006417115,0,0
183,0.0063379817,0,0
12200,0.0063311323,0,0
5207,0.006326314,0,0
1940,0.006314099,0,0
1635,0.006248204,0,0
10128,0.0061573675,0,0
24539,0.0061078495,0,0
4842,0.0060310666,0,0
2743,0.0060146954,0,0
198,0.005997902,0,0
1505,0.005971631,0,0
6917,0.005966946,0,0
322,0.0059539382,0,0
9168,0.005943497,0,0
7422,0.005931246,0,0
1319,0.0059142103,0,0
4052,0.005853009,0,0
12046,0.005842483,0,0
7206,0.0057599326,0,0
6452,0.0057266615,0,0
2529,0.005642642,0,0
5182,0.0055997884,0,0
6388,0.005592905,0,0
593,0.0055522462,0,0
2250,0.0054835794,0,0
6550,0.0054817125,0,0
3286,0.005472466,0,0
1858,0.0054693366,0,0
2551,0.00546727,0,0
2910,0.005344792,0,0
4093,0.0052502477,0,0
3705,0.0052333996,0,0
3465,0.0052012615,0,0
3933,0.0051955506,0,0
5279,0.0051600467,0,0
21733,0.005144387,0,0
10800,0.0051366813,0,0
10772,0.005089906,0,0
3630,0.004991393,0,0
6681,0.004985081,0,0
2574,0.0049661878,0,0
24799,0.004915341,0,0
2611,0.0049149278,0,0
7614,0.004901885,0,0
4662,0.004896838,0,0
11569,0.0048865927,0,0
3161,0.004800333,0,0
4153,0.0047959997,0,0
24174,0.0047553717,0,0
23461,0.004719659,0,0
2977,0.0047113923,0,0
1593,0.004667353,0,0
24008,0.0046371887,0,0
21821,0.0046371887,0,0
26174,0.004599558,0,0
10827,0.004554012,0,0
23095,0.004517877,0,0
3793,0.0044903113,0,0
24934,0.004483121,0,0
2097,0.004450473,0,0
6632,0.0043846006,0,0
1217,0.0043283813,0,0
566,0.0042951074,0,0
3781,0.0042407173,0,0
5421,0.004157503,0,0
7197,0.004136857,0,0
1344,0.004132506,0,0
2731,0.0041275145,0,0
3206,0.004061536,0,0
3683,0.0040479987,0,0
719,0.0040359762,0,0
22521,0.004007266,0,0
7491,0.0040068775,0,0
5462,0.003985286,0,0
12356,0.0039688773,0,0
2141,0.003938955,0,0
3141,0.003936602,0,0
578,0.0038620683,0,0
2438,0.003861386,0,0
5716,0.0038201134,0,0
1327,0.0038189723,0,0
7409,0.0037978587,0,0
3984,0.0037845531,0,0
778,0.003771857,0,0
2699,0.0037581243,0,0
1066,0.003734205,0,0
527,0.0036249873,0,0
1285,0.0036063795,0,0
3617,0.0036042538,0,0
905,0.0035918187,0,0
9176,0.0035458126,0,0
3964,0.0035392782,0,0
2416,0.0034888429,0,0
1660,0.0034881234,0,0
24493,0.0034790605,0,0
4108,0.0034150633,0,0
1398,0.0032622279,0,0
763,0.0032330947,0,0
3713,0.003162057,0,0
1012,0.0030910757,0,0
557,0.003083487,0,0
2399,0.0030834677,0,0
211,0.0030375668,0,0
3337,0.0030004592,0,0
2829,0.002979756,0,0
1013,0.0029787363,0,0
1064,0.0029291555,0,0
21646,0.0029052028,0,0
3692,0.0029052028,0,0
21736,0.002795594,0,0
5203,0.0027751008,0,0
4943,0.0027584224,0,0
3654,0.0027492635,0,0
24218,0.0027393547,0,0
1033,0.0027009153,0,0
721,0.0026755813,0,0
1809,0.0026140048,0,0
1129,0.0025769693,0,0
3028,0.002541903,0,0
575,0.0025320493,0,0
1902,0.0025137009,0,0
2168,0.0024847363,0,0
4399,0.0024797267,0,0
2846,0.0024205868,0,0
160,0.0023924673,0,0
4299,0.0023860275,0,0
22349,0.00237272,0,0
4024,0.0023271558,0,0
1236,0.0023035873,0,0
2885,0.002297197,0,0
2961,0.0022467137,0,0
4582,0.0021714836,0,0
776,0.0021471586,0,0
2002,0.0021471586,0,0
3963,0.0019519615,0,0
177,0.0018347044,0,0
4636,0.0018170711,0,0
4085,0.0018088355,0,0
2076,0.0017909127,0,0
24003,0.0017890314,0,0
7534,0.0014724988,0,0
2994,0.0007556158,0,0
